Strike,Call 3/5/2026,Put 3/5/2026,Call 3/4/2026,Put 3/4/2026,Call 3/3/2026,Put 3/3/2026,Call 3/2/2026,Put 3/2/2026,Call 2/27/2026,Put 2/27/2026,Call 2/26/2026,Put 2/26/2026,Call 2/25/2026,Put 2/25/2026,Call 2/24/2026,Put 2/24/2026,Call 2/23/2026,Put 2/23/2026,Call 2/20/2026,Put 2/20/2026,Call 2/19/2026,Put 2/19/2026,Call 2/18/2026,Put 2/18/2026
24630,,8,,2,73,4,1,,,,,,,,,,,,,,,,,
24640,,16,1,2,16,6,,9,,,,,,,,,,,,,,,,
24650,5,228,3,21,37,3,13,23,,15,,2,,2,,7,,5,,,,,,3
24660,,23,1,3,10,13,2,6,,,,,,,,,,,,,,,,
24670,1,4,1,8,4,4,,1,,,,,,,,,,,,,,,,
24675,2,15,5,3,5,3,4,7,,3,,16,,5,,,,,,,,,,
24680,,16,1,8,6,2,2,2,,,,,,,,,,,,,,,,
24690,,13,1,10,114,,9,3,,,,,,,,,,,,,,,,
24700,22,262,39,131,220,41,11,109,2,160,3,156,1,3,5,8,5,6,,15,,1,1,7
24710,2,19,,9,4,,2,,,,,,,,,,,,,,,,,
24720,9,125,1,10,8,2,2,1,,,,,,,,,,,,,,,,
24725,25,15,9,3,4,,11,15,,4,,3,,,,,,,,,,,,
24730,8,17,6,2,2,3,5,9,,,,,,,,,,,,,,,,
24740,3,2,4,4,1,1,6,3,,,,,,,,,,,,,,,,
24750,25,164,9,28,59,17,29,23,1,50,,2,3,4,1,10,2,3,,2,,,,11
24760,4,5,,3,10,,6,3,,,,,,,,,,,,,,,,
24770,,27,,12,9,1,3,,,,,,,,,,,,,,,,,
24775,5,34,2,11,7,3,13,30,6,5,1,16,,,,,,,,,,,,
24780,,9,2,7,18,1,13,,,,,,,,,,,,,,,,,
24790,,9,,10,4,13,25,2,,,,,,,,,,,,,,,,
24800,214,479,29,167,61,39,36,34,2,62,2,17,,16,,15,,8,,39,1,6,5,18
24810,31,16,2,4,14,6,7,11,,,,,,,,,,,,,,,,
24820,6,19,7,5,3,3,4,,,,,,,,,,,,,,,,,
24825,7,10,1,8,6,2,12,6,2,2,7,16,,1,,,,,,,,,,
24830,10,10,7,109,4,2,6,5,,,,,,,,,,,,,,,,
24840,5,32,10,8,2,2,20,,,,,,,,,,,,,,,,,
24850,53,126,123,49,47,4,27,7,14,6,3,19,,2,1,24,5,4,7,9,7,10,,44
24860,18,27,,4,6,,4,1,,,,,,,,,,,,,,,,
24870,25,13,2,5,6,,5,,,,,,,,,,,,,,,,,
24875,20,57,49,2,7,6,22,18,2,7,8,,,,,,,,,,,,,
24880,13,33,,,12,4,17,16,,,,,,,,,,,,,,,,
24890,28,30,3,7,11,5,12,4,,,,,,,,,,,,,,,,
24900,170,621,77,80,111,155,78,60,19,128,5,70,4,32,5,19,9,6,4,26,5,,7,3
24910,18,51,,6,14,5,13,9,,,,,,,,,,,,,,,,
24920,113,28,4,2,,,8,4,,,,,,,,,,,,,,,,
24925,20,41,2,7,16,5,25,16,13,8,,,,,,,,,,,,,,
24930,43,33,14,2,3,2,3,3,,,,,,,,,,,,,,,,
24940,41,41,5,3,10,3,11,8,,,,,,,,,,,,,,,,
24950,123,64,8,26,30,,39,9,124,120,10,19,,,30,20,24,2,,4,2,,,
24960,28,189,15,14,11,1,16,6,,,,,,,,,,,,,,,,
24970,49,22,2,1,1,1,11,3,,,,,,,,,,,,,,,,
24975,48,85,1,25,2,5,17,9,20,16,5,5,,3,,,,,,,,,,
24980,47,12,,2,15,1,29,9,,,,,,,,,,,,,,,,
24990,61,45,2,8,7,1,18,12,,,,,,,,,,,,,,,,
25000,452,591,171,203,692,32,285,141,48,153,13,59,1,49,26,23,9,42,5,67,,29,4,7
25010,31,26,3,3,8,1,29,9,,,,,,,,,,,,,,,,
25020,192,15,2,1,,2,20,10,,,,,,,,,,,,,,,,
25025,44,36,5,2,23,,22,14,5,1,6,1,,9,,,,,,,,,,
25030,147,61,1,9,5,,2,1,,,,,,,,,,,,,,,,
25040,34,11,122,,122,,17,1,,,,,,,,,,,,,,,,
25050,290,81,17,15,37,5,88,8,12,13,2,7,5,1,6,18,8,1,8,2,,,38,2
25060,43,17,3,8,5,1,13,2,,,,,,,,,,,,,,,,
25070,44,26,4,3,3,,6,,,,,,,,,,,,,,,,,
25075,89,11,32,8,21,1,36,8,11,7,3,1,,2,,,,,,,,,,
25080,142,12,35,5,,,5,3,,,,,,,,,,,,,,,,
25090,37,8,5,5,4,1,10,,,,,,,,,,,,,,,,,
25100,811,88,277,44,264,,161,12,14,1,8,19,5,40,11,6,11,4,,18,1,,1,3
25110,28,8,10,,3,,10,5,,,,,,,,,,,,,,,,
25120,98,10,6,2,14,,4,12,,,,,,,,,,,,,,,,
25125,98,39,75,6,17,,45,2,19,,14,3,,2,,,,,,,,,,
25130,51,5,3,,10,,1,2,,,,,,,,,,,,,,,,
25140,17,3,33,8,1,,5,2,,,,,,,,,,,,,,,,
25150,249,6,47,7,36,,22,4,6,1,2,13,3,1,4,7,13,,48,2,3,,1,
25160,37,8,120,5,7,1,3,2,,,,,,,,,,,,,,,,
25170,219,12,13,2,36,,36,1,,,,,,,,,,,,,,,,
25175,58,,28,2,40,,14,2,5,,,10,2,15,,,,,,,,,,
25180,60,4,13,1,3,,12,7,,,,,,,,,,,,,,,,
25190,22,,3,2,,,19,1,,,,,,,,,,,,,,,,
25200,924,52,267,40,214,2,96,,44,13,15,24,7,24,46,5,15,1,27,,5,,1,
25210,66,3,2,1,1,,1,,,,,,,,,,,,,,,,,
25220,48,,10,,7,,6,1,,,,,,,,,,,,,,,,
25225,39,4,41,1,84,1,6,1,2,4,2,9,7,3,,,,,,,,,,
25230,9,12,9,1,,,10,,,,,,,,,,,,,,,,,
25240,53,,5,10,5,,7,,,,,,,,,,,,,,,,,
25250,203,7,93,16,227,2,86,,31,1,27,21,97,1,60,3,8,,9,2,5,,2,
25260,18,,16,2,37,,40,,,,,,,,,,,,,,,,,
25270,16,,1,,1,,16,,,,,,,,,,,,,,,,,
25275,131,,14,1,1,,29,1,3,,3,,2,,,,,,,,,,,
25280,14,,3,1,,,12,,,,,,,,,,,,,,,,,
25290,31,,23,,117,,3,,,,,,,,,,,,,,,,,
25300,416,16,120,13,157,1,64,1,63,1,15,35,19,50,22,2,5,,23,,7,,7,3
25310,182,,7,,20,,5,,,,,,,,,,,,,,,,,
25320,38,,14,,82,,2,,,,,,,,,,,,,,,,,
25325,19,,18,,13,,19,,4,,8,,3,6,,,,,,,,,,
25330,26,2,110,1,9,,6,,,,,,,,,,,,,,,,,
25340,25,,3,,1,1,2,,,,,,,,,,,,,,,,,
25350,158,1,51,,18,3,40,,24,20,6,,20,10,34,2,2,,6,,3,,,
25360,22,,20,,,,1,,,,,,,,,,,,,,,,,
25370,11,,10,,,10,8,,,,,,,,,,,,,,,,,
25375,47,,10,,8,,17,,3,,5,2,1,1,,,,,,,,,,
25380,16,,1,,3,,31,,,,,,,,,,,,,,,,,
25390,5,,6,,7,,9,,,,,,,,,,,,,,,,,
25400,382,7,351,10,189,,170,,112,11,93,66,6,13,21,,3,3,3,,6,,1,
25410,186,,12,,9,,6,,,,,,,,,,,,,,,,,
25420,46,,22,,9,,10,,,,,,,,,,,,,,,,,
25425,66,,12,,15,,21,,14,,6,,5,,,,,,,,,,,
25430,23,,11,,9,,34,,,,,,,,,,,,,,,,,
25440,60,,11,,,,14,,,,,,,,,,,,,,,,,
25450,333,,96,,9,,17,,26,,5,,6,4,17,,186,,8,,14,,8,
25460,128,,8,,6,,11,,,,,,,,,,,,,,,,,
25470,30,,6,,2,4,14,,,,,,,,,,,,,,,,,
